{
	"res://main_scene/1bridge_build_snow.tscn": [
		[
			288.75,
			622.5
		],
		[
			1328.25,
			410.75
		]
	],
	"res://main_scene/1bridge_build_snow2.tscn": [
		[
			308.0,
			564.75
		],
		[
			519.75,
			661.0
		],
		[
			1328.25,
			430.0
		]
	],
	"res://main_scene/2bridge_build_snow.tscn": [
		[
			288.75,
			545.5
		],
		[
			365.75,
			641.75
		],
		[
			673.75,
			25.75
		],
		[
			1347.5,
			449.25
		]
	],
	"res://main_scene/2bridge_build_snow2.tscn": [
		[
			365.75,
			584.0
		],
		[
			808.5,
			179.75
		],
		[
			1328.25,
			449.25
		]
	],
	"res://main_scene/3bridge_build_snow.tscn": [
		[
			269.5,
			410.75
		],
		[
			404.25,
			526.25
		],
		[
			558.25,
			661.0
		],
		[
			770.0,
			6.5
		],
		[
			866.25,
			430.0
		],
		[
			1309.0,
			468.5
		]
	],
	"res://main_scene/3bridge_build_snow2.tscn": [
		[
			269.5,
			487.75
		],
		[
			693.0,
			6.5
		],
		[
			866.25,
			430.0
		],
		[
			1328.25,
			468.5
		]
	],
	"res://main_scene/4bridge_build_snow.tscn": [
		[
			966.000061035156,
			1512.0
		],
		[
			1405.0,
			1605.0
		],
		[
			1163.0,
			1410.0
		],
		[
			308.0,
			661.0
		],
		[
			481.25,
			815.0
		],
		[
			635.25,
			853.5
		],
		[
			827.75,
			199.0
		],
		[
			1251.25,
			545.5
		],
		[
			1405.25,
			564.75
		],
		[
			1540.0,
			564.75
		]
	],
	"res://main_scene/4bridge_build_snow2.tscn": [
		[
			966.000061035156,
			1512.0
		],
		[
			1405.0,
			1605.0
		],
		[
			1163.0,
			1410.0
		]
	],
	"res://main_scene/5bridge_build_snow.tscn": [
		[
			720.0,
			91.0000076293945
		],
		[
			1405.0,
			1605.0
		],
		[
			702.0,
			967.0
		],
		[
			250.25,
			872.75
		],
		[
			943.25,
			391.5
		],
		[
			1078.0,
			410.75
		],
		[
			1212.75,
			410.75
		],
		[
			1424.5,
			6.5
		]
	],
	"res://main_scene/5bridge_build_snow2.tscn": [
		[
			250.25,
			872.75
		],
		[
			808.5,
			372.25
		],
		[
			962.5,
			430.0
		],
		[
			1097.25,
			430.0
		],
		[
			1232.0,
			430.0
		],
		[
			1366.75,
			526.25
		],
		[
			1501.5,
			526.25
		]
	],
	"res://main_scene/6bridge_build_snow.tscn": [
		[
			1405.0,
			1605.0
		],
		[
			308.0,
			718.75
		],
		[
			442.75,
			795.75
		],
		[
			731.5,
			102.75
		],
		[
			1270.5,
			449.25
		],
		[
			1405.25,
			449.25
		]
	],
	"res://main_scene/6bridge_build_snow2.tscn": [
		[
			1405.0,
			1605.0
		],
		[
			693.0,
			6.5
		],
		[
			1251.25,
			430.0
		],
		[
			1405.25,
			430.0
		],
		[
			308.0,
			738.0
		],
		[
			462.0,
			795.75
		]
	],
	"res://main_scene/7bridge_build_snow.tscn": [
		[
			1405.0,
			1605.0
		],
		[
			481.25,
			25.75
		],
		[
			250.25,
			815.0
		],
		[
			924.0,
			487.75
		],
		[
			1347.5,
			584.0
		]
	],
	"res://main_scene/7bridge_build_snow2.tscn": [
		[
			543.0,
			817.0
		],
		[
			1405.0,
			1605.0
		],
		[
			542.0,
			124.0
		],
		[
			269.5,
			815.0
		],
		[
			885.5,
			372.25
		],
		[
			1020.25,
			410.75
		],
		[
			1174.25,
			449.25
		],
		[
			1328.25,
			468.5
		],
		[
			1463.0,
			487.75
		]
	],
	"res://main_scene/bridge_build1.tscn": [
		[
			854.0,
			825.00006
		],
		[
			852.00006,
			489.00006
		]
	],
	"res://main_scene/bridge_build2.tscn": [
		[
			1501.5,
			391.5
		]
	],
	"res://main_scene/bridge_build3.tscn": [
		[
			442.75,
			738.0
		],
		[
			558.25,
			795.75
		],
		[
			1058.75,
			545.5
		]
	],
	"res://main_scene/bridge_build4.tscn": [
		[
			866.25,
			911.25
		]
	],
	"res://main_scene/bridge_build5.tscn": [],
	"res://main_scene/bridge_build_city_1.tscn": [],
	"res://main_scene/bridge_build_city_2.tscn": []
}