{
	"res://main_scene/bridge_build1.tscn": [
		[
			854.0,
			825.00006
		],
		[
			852.00006,
			489.00006
		]
	],
	"res://main_scene/bridge_build2.tscn": [
		[
			1501.5,
			391.5
		]
	],
	"res://main_scene/bridge_build3.tscn": [
		[
			442.75,
			738.0
		],
		[
			558.25,
			795.75
		],
		[
			1058.75,
			545.5
		]
	],
	"res://main_scene/bridge_build4.tscn": [
		[
			866.25,
			911.25
		]
	],
	"res://main_scene/bridge_build5.tscn": [],
	"res://main_scene/bridge_build_city_1.tscn": [],
	"res://main_scene/bridge_build_city_2.tscn": [],
	"res://main_scene/volcano01.tscn": [
		[
			864.049987792969,
			466.850006103516
		],
		[
			1269.39990234375,
			503.700012207031
		],
		[
			1416.79992675781,
			651.099975585938
		]
	],
	"res://main_scene/volcano01a.tscn": [
		[
			900.899963378906,
			430.0
		],
		[
			1158.84997558594,
			430.0
		],
		[
			1306.25,
			430.0
		],
		[
			1453.64990234375,
			430.0
		]
	],
	"res://main_scene/volcano01b.tscn": [
		[
			864.049987792969,
			282.600006103516
		],
		[
			1269.39990234375,
			319.450012207031
		],
		[
			1379.94995117188,
			393.149993896484
		],
		[
			1527.34997558594,
			466.850006103516
		],
		[
			348.149993896484,
			761.649963378906
		]
	],
	"res://main_scene/volcano02.tscn": [
		[
			274.450012207031,
			724.799987792969
		],
		[
			421.850006103516,
			798.5
		],
		[
			606.099975585938,
			835.349975585938
		],
		[
			1637.89990234375,
			356.299987792969
		]
	],
	"res://main_scene/volcano02a.tscn": [
		[
			753.5,
			393.149993896484
		],
		[
			864.049987792969,
			503.700012207031
		],
		[
			974.599975585938,
			651.099975585938
		],
		[
			1637.89990234375,
			282.600006103516
		]
	],
	"res://main_scene/volcano02b.tscn": [
		[
			311.299987792969,
			356.299987792969
		],
		[
			642.950012207031,
			393.149993896484
		],
		[
			1379.94995117188,
			503.700012207031
		]
	],
	"res://main_scene/volcano03.tscn": [
		[
			274.450012207031,
			724.799987792969
		],
		[
			606.099975585938,
			835.349975585938
		],
		[
			1306.25,
			393.149993896484
		],
		[
			1637.89990234375,
			356.299987792969
		]
	],
	"res://main_scene/volcano03a.tscn": [
		[
			1158.84997558594,
			135.200012207031
		],
		[
			1306.25,
			135.200012207031
		],
		[
			1637.89990234375,
			172.050018310547
		],
		[
			900.899963378906,
			356.299987792969
		]
	],
	"res://main_scene/volcano03b.tscn": [
		[
			237.600006103516,
			540.549987792969
		],
		[
			385.0,
			724.799987792969
		],
		[
			937.75,
			208.900009155273
		],
		[
			1564.19995117188,
			282.600006103516
		]
	],
	"res://main_scene/volcano04.tscn": [
		[
			1416.79992675781,
			98.3500137329102
		],
		[
			421.850006103516,
			540.549987792969
		],
		[
			569.25,
			651.099975585938
		]
	],
	"res://main_scene/volcano04a.tscn": [
		[
			753.5,
			761.649963378906
		],
		[
			1416.79992675781,
			208.900009155273
		],
		[
			1122.0,
			172.050018310547
		]
	],
	"res://main_scene/volcano04b.tscn": [
		[
			569.25,
			393.149993896484
		],
		[
			1416.79992675781,
			135.200012207031
		]
	],
	"res://main_scene/volcano05.tscn": [
		[
			827.199951171875,
			282.600006103516
		],
		[
			974.599975585938,
			282.600006103516
		]
	],
	"res://main_scene/volcano05a.tscn": [
		[
			385.0,
			430.0
		],
		[
			827.199951171875,
			61.5000152587891
		],
		[
			974.599975585938,
			61.5000152587891
		]
	],
	"res://main_scene/volcano05b.tscn": [
		[
			679.799987792969,
			319.450012207031
		],
		[
			827.199951171875,
			319.450012207031
		],
		[
			1232.54992675781,
			135.200012207031
		],
		[
			1564.19995117188,
			393.149993896484
		],
		[
			311.299987792969,
			540.549987792969
		]
	],
	"res://main_scene/volcano06.tscn": [
		[
			642.950012207031,
			430.0
		],
		[
			790.349975585938,
			430.0
		],
		[
			937.75,
			430.0
		],
		[
			1195.69995117188,
			835.349975585938
		]
	],
	"res://main_scene/volcano06a.tscn": [
		[
			458.700012207031,
			503.700012207031
		],
		[
			606.099975585938,
			503.700012207031
		],
		[
			753.5,
			503.700012207031
		],
		[
			900.899963378906,
			503.700012207031
		],
		[
			1232.54992675781,
			982.75
		]
	],
	"res://main_scene/volcano06b.tscn": [
		[
			679.799987792969,
			466.850006103516
		],
		[
			827.199951171875,
			466.850006103516
		],
		[
			1343.09997558594,
			687.950012207031
		]
	],
	"res://main_scene/volcano07.tscn": [
		[
			569.25,
			282.600006103516
		],
		[
			716.649963378906,
			282.600006103516
		],
		[
			1232.54992675781,
			245.75
		],
		[
			1343.09997558594,
			319.450012207031
		]
	],
	"res://main_scene/volcano07a.tscn": [
		[
			606.099975585938,
			282.600006103516
		],
		[
			753.5,
			319.450012207031
		],
		[
			900.899963378906,
			356.299987792969
		],
		[
			1343.09997558594,
			356.299987792969
		]
	],
	"res://main_scene/volcano07b.tscn": [
		[
			569.25,
			245.75
		],
		[
			716.649963378906,
			282.600006103516
		],
		[
			1379.94995117188,
			577.400024414063
		]
	]
}