{
	"res://main_scene/bridge_build_city_1.tscn": [
		[
			577.5,
			603.25
		],
		[
			654.5,
			641.75
		]
	],
	"res://main_scene/bridge_build_city_10.tscn": [
		[
			642.0,
			829.0
		],
		[
			636.0,
			1016.0
		],
		[
			1406.0,
			507.0
		]
	],
	"res://main_scene/bridge_build_city_2.tscn": [
		[
			731.5,
			237.5
		],
		[
			616.0,
			757.25
		],
		[
			731.5,
			757.25
		]
	],
	"res://main_scene/bridge_build_city_3.tscn": [
		[
			462.0,
			603.25
		],
		[
			577.5,
			603.25
		],
		[
			693.0,
			603.25
		],
		[
			1289.75,
			699.5
		],
		[
			1405.25,
			699.5
		]
	],
	"res://main_scene/bridge_build_city_4.tscn": [
		[
			462.0,
			584.0
		],
		[
			577.5,
			584.0
		],
		[
			1347.5,
			641.75
		],
		[
			1443.75,
			680.25
		],
		[
			1463.0,
			834.25
		],
		[
			1347.5,
			872.75
		],
		[
			577.5,
			892.0
		],
		[
			442.75,
			930.5
		]
	],
	"res://main_scene/bridge_build_city_5.tscn": [
		[
			570.0,
			606.0
		],
		[
			651.0,
			647.0
		],
		[
			1425.0,
			531.0
		],
		[
			1602.0,
			1015.0
		]
	],
	"res://main_scene/bridge_build_city_6.tscn": [
		[
			635.25,
			449.25
		],
		[
			693.0,
			815.0
		],
		[
			577.5,
			853.5
		]
	],
	"res://main_scene/bridge_build_city_7.tscn": [
		[
			448.0,
			594.0
		],
		[
			540.0,
			631.0
		],
		[
			633.0,
			668.0
		],
		[
			1361.0,
			687.0
		]
	],
	"res://main_scene/bridge_build_city_8.tscn": [
		[
			708.0,
			505.0
		]
	],
	"res://main_scene/bridge_build_city_9.tscn": [
		[
			451.0,
			601.0
		],
		[
			566.0,
			636.0
		],
		[
			642.0,
			675.0
		],
		[
			1283.0,
			693.0
		],
		[
			1402.0,
			693.0
		],
		[
			1521.0,
			695.0
		],
		[
			1541.0,
			893.0
		],
		[
			1426.0,
			894.0
		]
	],
	"res://main_scene/bridgebuildgrass1.tscn": [
		[
			876.083862304688,
			907.971984863281
		]
	],
	"res://main_scene/bridgebuildgrass10.tscn": [
		[
			442.75,
			757.25
		],
		[
			558.25,
			795.75
		],
		[
			1058.75,
			545.5
		]
	],
	"res://main_scene/bridgebuildgrass2.tscn": [
		[
			1501.5,
			391.5
		]
	],
	"res://main_scene/bridgebuildgrass3.tscn": [
		[
			442.75,
			738.0
		],
		[
			558.25,
			795.75
		],
		[
			1058.75,
			545.5
		]
	],
	"res://main_scene/bridgebuildgrass4.tscn": [
		[
			1443.75,
			160.5
		],
		[
			1540.0,
			199.0
		],
		[
			1636.25,
			237.5
		],
		[
			442.75,
			333.75
		]
	],
	"res://main_scene/bridgebuildgrass5.tscn": [],
	"res://main_scene/bridgebuildgrass6.tscn": [
		[
			288.75,
			776.5
		],
		[
			1058.75,
			545.5
		]
	],
	"res://main_scene/bridgebuildgrass7.tscn": [
		[
			1443.75,
			160.5
		],
		[
			1520.75,
			199.0
		],
		[
			1597.75,
			237.5
		],
		[
			442.75,
			333.75
		]
	],
	"res://main_scene/bridgebuildgrass8.tscn": [
		[
			385.0,
			333.75
		],
		[
			481.25,
			372.25
		],
		[
			577.5,
			410.75
		],
		[
			1443.75,
			141.25
		],
		[
			1559.25,
			179.75
		]
	],
	"res://main_scene/bridgebuildgrass9.tscn": [
		[
			442.75,
			738.0
		],
		[
			558.25,
			776.5
		],
		[
			1058.75,
			545.5
		],
		[
			1193.5,
			584.0
		],
		[
			1328.25,
			603.25
		]
	],
	"res://main_scene/bridgebuildsnow1.tscn": [
		[
			288.75,
			622.5
		],
		[
			1328.25,
			410.75
		]
	],
	"res://main_scene/bridgebuildsnow10.tscn": [
		[
			250.25,
			872.75
		],
		[
			808.5,
			372.25
		],
		[
			962.5,
			430.0
		],
		[
			1097.25,
			430.0
		],
		[
			1232.0,
			430.0
		],
		[
			1366.75,
			526.25
		],
		[
			1501.5,
			526.25
		]
	],
	"res://main_scene/bridgebuildsnow11.tscn": [
		[
			1405.0,
			1605.0
		],
		[
			308.0,
			718.75
		],
		[
			442.75,
			795.75
		],
		[
			731.5,
			102.75
		],
		[
			1270.5,
			449.25
		],
		[
			1405.25,
			449.25
		]
	],
	"res://main_scene/bridgebuildsnow12.tscn": [
		[
			1405.0,
			1605.0
		],
		[
			693.0,
			6.5
		],
		[
			1251.25,
			430.0
		],
		[
			1405.25,
			430.0
		],
		[
			308.0,
			738.0
		],
		[
			462.0,
			795.75
		]
	],
	"res://main_scene/bridgebuildsnow13.tscn": [
		[
			1405.0,
			1605.0
		],
		[
			481.25,
			25.75
		],
		[
			250.25,
			815.0
		],
		[
			924.0,
			487.75
		],
		[
			1347.5,
			584.0
		]
	],
	"res://main_scene/bridgebuildsnow14.tscn": [
		[
			543.0,
			817.0
		],
		[
			1405.0,
			1605.0
		],
		[
			542.0,
			124.0
		],
		[
			269.5,
			815.0
		],
		[
			885.5,
			372.25
		],
		[
			1020.25,
			410.75
		],
		[
			1174.25,
			449.25
		],
		[
			1328.25,
			468.5
		],
		[
			1463.0,
			487.75
		]
	],
	"res://main_scene/bridgebuildsnow2.tscn": [
		[
			308.0,
			564.75
		],
		[
			519.75,
			661.0
		],
		[
			1328.25,
			430.0
		]
	],
	"res://main_scene/bridgebuildsnow3.tscn": [
		[
			288.75,
			545.5
		],
		[
			365.75,
			641.75
		],
		[
			673.75,
			25.75
		],
		[
			1347.5,
			449.25
		]
	],
	"res://main_scene/bridgebuildsnow4.tscn": [
		[
			365.75,
			584.0
		],
		[
			808.5,
			179.75
		],
		[
			1328.25,
			449.25
		]
	],
	"res://main_scene/bridgebuildsnow5.tscn": [
		[
			269.5,
			410.75
		],
		[
			404.25,
			526.25
		],
		[
			558.25,
			661.0
		],
		[
			770.0,
			6.5
		],
		[
			866.25,
			430.0
		],
		[
			1309.0,
			468.5
		]
	],
	"res://main_scene/bridgebuildsnow6.tscn": [
		[
			269.5,
			487.75
		],
		[
			693.0,
			6.5
		],
		[
			866.25,
			430.0
		],
		[
			1328.25,
			468.5
		]
	],
	"res://main_scene/bridgebuildsnow7.tscn": [
		[
			966.000061035156,
			1512.0
		],
		[
			1405.0,
			1605.0
		],
		[
			1163.0,
			1410.0
		],
		[
			308.0,
			661.0
		],
		[
			481.25,
			815.0
		],
		[
			635.25,
			853.5
		],
		[
			827.75,
			199.0
		],
		[
			1251.25,
			545.5
		],
		[
			1405.25,
			564.75
		],
		[
			1540.0,
			564.75
		]
	],
	"res://main_scene/bridgebuildsnow8.tscn": [
		[
			966.000061035156,
			1512.0
		],
		[
			1405.0,
			1605.0
		],
		[
			1163.0,
			1410.0
		]
	],
	"res://main_scene/bridgebuildsnow9.tscn": [
		[
			720.0,
			91.0000076293945
		],
		[
			1405.0,
			1605.0
		],
		[
			702.0,
			967.0
		],
		[
			250.25,
			872.75
		],
		[
			943.25,
			391.5
		],
		[
			1078.0,
			410.75
		],
		[
			1212.75,
			410.75
		],
		[
			1424.5,
			6.5
		]
	],
	"res://main_scene/bridgebuildvolcano1.tscn": [
		[
			864.049987792969,
			466.850006103516
		],
		[
			1269.39990234375,
			503.700012207031
		],
		[
			1416.79992675781,
			651.099975585938
		]
	],
	"res://main_scene/bridgebuildvolcano10.tscn": [
		[
			1416.79992675781,
			98.3500137329102
		],
		[
			421.850006103516,
			540.549987792969
		],
		[
			569.25,
			651.099975585938
		]
	],
	"res://main_scene/bridgebuildvolcano11.tscn": [
		[
			753.5,
			761.649963378906
		],
		[
			1416.79992675781,
			208.900009155273
		],
		[
			1122.0,
			172.050018310547
		]
	],
	"res://main_scene/bridgebuildvolcano12.tscn": [
		[
			569.25,
			393.149993896484
		],
		[
			1416.79992675781,
			135.200012207031
		]
	],
	"res://main_scene/bridgebuildvolcano13.tscn": [
		[
			827.199951171875,
			282.600006103516
		],
		[
			974.599975585938,
			282.600006103516
		]
	],
	"res://main_scene/bridgebuildvolcano14.tscn": [
		[
			385.0,
			430.0
		],
		[
			827.199951171875,
			61.5000152587891
		],
		[
			974.599975585938,
			61.5000152587891
		]
	],
	"res://main_scene/bridgebuildvolcano15.tscn": [
		[
			679.799987792969,
			319.450012207031
		],
		[
			827.199951171875,
			319.450012207031
		],
		[
			1232.54992675781,
			135.200012207031
		],
		[
			1564.19995117188,
			393.149993896484
		],
		[
			311.299987792969,
			540.549987792969
		]
	],
	"res://main_scene/bridgebuildvolcano16.tscn": [
		[
			642.950012207031,
			430.0
		],
		[
			790.349975585938,
			430.0
		],
		[
			937.75,
			430.0
		],
		[
			1195.69995117188,
			835.349975585938
		]
	],
	"res://main_scene/bridgebuildvolcano17.tscn": [
		[
			458.700012207031,
			503.700012207031
		],
		[
			606.099975585938,
			503.700012207031
		],
		[
			753.5,
			503.700012207031
		],
		[
			900.899963378906,
			503.700012207031
		],
		[
			1232.54992675781,
			982.75
		]
	],